file,pre_count,pre_empty,pre_nonStr,pre_parseErr,post_count,post_empty,post_nonStr,post_parseErr
provider-out-openai_1759966803780_2xhvcj.json,0,0,0,0,0,0,0,0
provider-out-openai_1759966800651_f4rzfp.json,0,0,0,0,0,0,0,0
provider-out-openai_1759966800650_r56y2a.json,0,0,0,0,0,0,0,0
provider-out-openai_1759966800648_7b6pxa.json,0,0,0,0,0,0,0,0
provider-out-openai_1759966799840_z4hs1d.json,0,0,0,0,0,0,0,0
provider-out-openai_1759937499101_d7zocu.json,0,0,0,0,0,0,0,0
provider-out-openai_1759937495911_m3aqic.json,0,0,0,0,0,0,0,0
provider-out-openai_1759937495911_zhcnjw.json,0,0,0,0,0,0,0,0
provider-out-openai_1759937495909_mc5po2.json,0,0,0,0,0,0,0,0
provider-out-openai_1759937454260_g9t30h.json,0,0,0,0,0,0,0,0